"--large-name40--","EntityCollectionManagerImpl(WriteStart,WriteUniqueVerify,WriteOptimisticVerify,WriteCommit,RollbackAction,MarkStart,MarkCommit,UniqueCleanup,VersionCompact,MvccEntitySerializationStrategy,UniqueValueSerializationStrategy,MvccLogEntrySerializationStrategy,Keyspace,MetricsFactory,SerializationFig,RxTaskScheduler,ActorSystemManager,UniqueValuesService,CassandraConfig,ApplicationScope,Session)"
"--large-name16--","EntityCollectionManagerImpl(WriteStart,WriteStart,WriteUniqueVerify,WriteOptimisticVerify,WriteCommit,RollbackAction,MarkStart,MarkCommit,MvccEntitySerializationStrategy,UniqueValueSerializationStrategy,MvccLogEntrySerializationStrategy,Keyspace,EntityVersionTaskFactory,TaskExecutor,CollectionScope,MetricsFactory)"
"--large-name32--","EntityCollectionManagerFactoryImpl(WriteStart,WriteUniqueVerify,WriteOptimisticVerify,WriteCommit,RollbackAction,MarkStart,MarkCommit,UniqueCleanup,VersionCompact,SerializationFig,MvccEntitySerializationStrategy,UniqueValueSerializationStrategy,MvccLogEntrySerializationStrategy,Keyspace,EntityCacheFig,MetricsFactory,RxTaskScheduler,ActorSystemManager,UniqueValuesService)"
"--large-name6--","EntityCollectionManagerImpl(WriteStart,WriteStart,WriteUniqueVerify,WriteOptimisticVerify,WriteCommit,RollbackAction,MarkStart,MarkCommit,MvccEntitySerializationStrategy,UniqueValueSerializationStrategy,MvccLogEntrySerializationStrategy,Keyspace,SerializationFig,CollectionScope)"
"--large-name8--","EntityCollectionManagerImpl(UUIDService,WriteStart,WriteStart,WriteUniqueVerify,WriteOptimisticVerify,WriteCommit,RollbackAction,MarkStart,MarkCommit,EntityVersionCleanupFactory,MvccEntitySerializationStrategy,UniqueValueSerializationStrategy,MvccLogEntrySerializationStrategy,EntityDeletedFactory,TaskExecutor,CollectionScope)"
"--large-name2--","GraphManagerImpl(EdgeMetadataSerialization,EdgeSerialization,NodeSerialization,GraphFig,AsyncProcessor<EdgeEvent<MarkedEdge>>,AsyncProcessor<EdgeEvent<Id>>,AsyncProcessor<EdgeEvent<MarkedEdge>>,ApplicationScope,MergedEdgeReader,ConsistencyFig)"
"--large-name27--","EntityCollectionManagerImpl(WriteStart,WriteUniqueVerify,WriteOptimisticVerify,WriteCommit,RollbackAction,MarkStart,MarkCommit,UniqueCleanup,VersionCompact,MvccEntitySerializationStrategy,UniqueValueSerializationStrategy,MvccLogEntrySerializationStrategy,Keyspace,MetricsFactory,SerializationFig,RxTaskScheduler,ApplicationScope)"
"--large-name4--","EntityCollectionManagerImpl(UUIDService,WriteStart,WriteStart,WriteUniqueVerify,WriteOptimisticVerify,WriteCommit,RollbackAction,MarkStart,MarkCommit,MvccEntitySerializationStrategy,UniqueValueSerializationStrategy,TaskExecutor,CollectionScope)"
"--large-name20--","EntityCollectionManagerImpl(WriteStart,WriteUniqueVerify,WriteOptimisticVerify,WriteCommit,RollbackAction,MarkStart,MarkCommit,MvccEntitySerializationStrategy,UniqueValueSerializationStrategy,MvccLogEntrySerializationStrategy,Keyspace,SerializationFig,EntityVersionCleanupFactory,EntityVersionCreatedFactory,EntityDeletedFactory,TaskExecutor,CollectionScope)"
"--large-name35--","EntityCollectionManagerImpl(WriteStart,WriteUniqueVerify,WriteOptimisticVerify,WriteCommit,RollbackAction,MarkStart,MarkCommit,UniqueCleanup,VersionCompact,MvccEntitySerializationStrategy,UniqueValueSerializationStrategy,MvccLogEntrySerializationStrategy,Keyspace,MetricsFactory,SerializationFig,RxTaskScheduler,ActorSystemManager,UniqueValuesService,CassandraConfig,ApplicationScope)"
"--large-name13--","EntityCollectionManagerFactoryImpl(WriteStart,WriteStart,WriteUniqueVerify,WriteOptimisticVerify,WriteCommit,RollbackAction,MarkStart,MarkCommit,MvccEntitySerializationStrategy,UniqueValueSerializationStrategy,MvccLogEntrySerializationStrategy,Keyspace,EntityVersionCleanupFactory,EntityVersionCreatedFactory,EntityDeletedFactory,TaskExecutor,EntityCacheFig,MetricsFactory)"
"--large-name30--","EntityCollectionManagerFactoryImpl(WriteStart,WriteUniqueVerify,WriteOptimisticVerify,WriteCommit,RollbackAction,MarkStart,MarkCommit,UniqueCleanup,VersionCompact,SerializationFig,MvccEntitySerializationStrategy,UniqueValueSerializationStrategy,MvccLogEntrySerializationStrategy,Keyspace,EntityCacheFig,MetricsFactory,RxTaskScheduler,UniqueValuesService)"
"--large-name19--","EntityCollectionManagerFactoryImpl(WriteStart,WriteUniqueVerify,WriteOptimisticVerify,WriteCommit,RollbackAction,MarkStart,MarkCommit,MvccEntitySerializationStrategy,UniqueValueSerializationStrategy,MvccLogEntrySerializationStrategy,Keyspace,EntityVersionCleanupFactory,EntityVersionCreatedFactory,EntityDeletedFactory,TaskExecutor,EntityCacheFig,SerializationFig)"
"--large-name29--","EntityCollectionManagerImpl(WriteStart,WriteUniqueVerify,WriteOptimisticVerify,WriteCommit,RollbackAction,MarkStart,MarkCommit,UniqueCleanup,VersionCompact,MvccEntitySerializationStrategy,UniqueValueSerializationStrategy,MvccLogEntrySerializationStrategy,Keyspace,MetricsFactory,SerializationFig,RxTaskScheduler,ApplicationScope,CassandraConfig)"
"--large-name10--","EntityCollectionManagerImpl(WriteStart,WriteStart,WriteUniqueVerify,WriteOptimisticVerify,WriteCommit,RollbackAction,MarkStart,MarkCommit,MvccEntitySerializationStrategy,UniqueValueSerializationStrategy,MvccLogEntrySerializationStrategy,Keyspace,SerializationFig,EntityVersionCleanupFactory,EntityVersionCreatedFactory,EntityDeletedFactory,TaskExecutor,CollectionScope)"
"--large-name38--","EntityCollectionManagerImpl(WriteStart,WriteUniqueVerify,WriteOptimisticVerify,WriteCommit,RollbackAction,MarkStart,MarkCommit,UniqueCleanup,VersionCompact,MvccEntitySerializationStrategy,UniqueValueSerializationStrategy,MvccLogEntrySerializationStrategy,Keyspace,MetricsFactory,SerializationFig,RxTaskScheduler,ApplicationScope,Session)"
"--large-name25--","EntityCollectionManagerImpl(WriteStart,WriteUniqueVerify,WriteOptimisticVerify,WriteCommit,RollbackAction,MarkStart,MarkCommit,MvccEntitySerializationStrategy,UniqueValueSerializationStrategy,MvccLogEntrySerializationStrategy,Keyspace,EntityVersionTaskFactory,TaskExecutor,ApplicationScope,MetricsFactory,RxTaskScheduler)"
"--large-name21--","EntityCollectionManagerFactoryImpl(WriteStart,WriteUniqueVerify,WriteOptimisticVerify,WriteCommit,RollbackAction,MarkStart,MarkCommit,MvccEntitySerializationStrategy,UniqueValueSerializationStrategy,MvccLogEntrySerializationStrategy,Keyspace,EntityVersionTaskFactory,TaskExecutor,EntityCacheFig,MetricsFactory)"
"--large-name18--","EntityCollectionManagerFactoryImpl(WriteStart,WriteStart,WriteUniqueVerify,WriteOptimisticVerify,WriteCommit,RollbackAction,MarkStart,MarkCommit,MvccEntitySerializationStrategy,UniqueValueSerializationStrategy,MvccLogEntrySerializationStrategy,Keyspace,EntityVersionCleanupFactory,EntityVersionCreatedFactory,EntityDeletedFactory,TaskExecutor,EntityCacheFig,SerializationFig)"
"--large-name37--","EntityCollectionManagerFactoryImpl(WriteStart,WriteUniqueVerify,WriteOptimisticVerify,WriteCommit,RollbackAction,MarkStart,MarkCommit,UniqueCleanup,VersionCompact,SerializationFig,MvccEntitySerializationStrategy,UniqueValueSerializationStrategy,MvccLogEntrySerializationStrategy,Keyspace,EntityCacheFig,MetricsFactory,RxTaskScheduler,Session)"
"--large-name12--","EntityCollectionManagerImpl(WriteStart,WriteStart,WriteUniqueVerify,WriteOptimisticVerify,WriteCommit,RollbackAction,MarkStart,MarkCommit,MvccEntitySerializationStrategy,UniqueValueSerializationStrategy,MvccLogEntrySerializationStrategy,Keyspace,EntityVersionCleanupFactory,EntityVersionCreatedFactory,EntityDeletedFactory,TaskExecutor,CollectionScope)"
"--large-name15--","EntityCollectionManagerFactoryImpl(WriteStart,WriteStart,WriteUniqueVerify,WriteOptimisticVerify,WriteCommit,RollbackAction,MarkStart,MarkCommit,MvccEntitySerializationStrategy,UniqueValueSerializationStrategy,MvccLogEntrySerializationStrategy,Keyspace,EntityVersionTaskFactory,TaskExecutor,EntityCacheFig,MetricsFactory)"
"--large-name3--","EntityCollectionManagerImpl(UUIDService,WriteStart,WriteStart,WriteUniqueVerify,WriteOptimisticVerify,WriteCommit,RollbackAction,MarkStart,MarkCommit,MvccEntitySerializationStrategy,TaskExecutor,MvccLogEntrySerializationStrategy,CollectionScope)"
"--large-name14--","EntityCollectionManagerImpl(WriteStart,WriteStart,WriteUniqueVerify,WriteOptimisticVerify,WriteCommit,RollbackAction,MarkStart,MarkCommit,MvccEntitySerializationStrategy,UniqueValueSerializationStrategy,MvccLogEntrySerializationStrategy,Keyspace,EntityVersionCleanupFactory,EntityVersionCreatedFactory,EntityDeletedFactory,TaskExecutor,CollectionScope,MetricsFactory)"
"--large-name5--","EntityCollectionManagerImpl(UUIDService,WriteStart,WriteStart,WriteUniqueVerify,WriteOptimisticVerify,WriteCommit,RollbackAction,MarkStart,MarkCommit,MvccEntitySerializationStrategy,UniqueValueSerializationStrategy,MvccLogEntrySerializationStrategy,TaskExecutor,CollectionScope)"
"--large-name9--","EntityCollectionManagerImpl(UUIDService,WriteStart,WriteStart,WriteUniqueVerify,WriteOptimisticVerify,WriteCommit,RollbackAction,MarkStart,MarkCommit,EntityVersionCleanupFactory,EntityVersionCreatedFactory,MvccEntitySerializationStrategy,UniqueValueSerializationStrategy,MvccLogEntrySerializationStrategy,EntityDeletedFactory,TaskExecutor,CollectionScope)"
"--large-name26--","EntityCollectionManagerFactoryImpl(WriteStart,WriteUniqueVerify,WriteOptimisticVerify,WriteCommit,RollbackAction,MarkStart,MarkCommit,UniqueCleanup,VersionCompact,SerializationFig,MvccEntitySerializationStrategy,UniqueValueSerializationStrategy,MvccLogEntrySerializationStrategy,Keyspace,EntityCacheFig,MetricsFactory,RxTaskScheduler)"
"--large-name22--","EntityCollectionManagerImpl(WriteStart,WriteUniqueVerify,WriteOptimisticVerify,WriteCommit,RollbackAction,MarkStart,MarkCommit,MvccEntitySerializationStrategy,UniqueValueSerializationStrategy,MvccLogEntrySerializationStrategy,Keyspace,EntityVersionTaskFactory,TaskExecutor,CollectionScope,MetricsFactory)"
"--large-name36--","MvccEntityDataMigrationImpl(Keyspace,Session,VersionedMigrationSet<MvccEntitySerializationStrategy>,MvccEntitySerializationStrategyV3Impl,UniqueValueSerializationStrategy,MvccLogEntrySerializationStrategy,MigrationDataProvider<EntityIdScope>)"
"--large-name31--","EntityCollectionManagerImpl(WriteStart,WriteUniqueVerify,WriteOptimisticVerify,WriteCommit,RollbackAction,MarkStart,MarkCommit,UniqueCleanup,VersionCompact,MvccEntitySerializationStrategy,UniqueValueSerializationStrategy,MvccLogEntrySerializationStrategy,Keyspace,MetricsFactory,SerializationFig,RxTaskScheduler,UniqueValuesService,ApplicationScope)"
"--large-name24--","EntityCollectionManagerFactoryImpl(WriteStart,WriteUniqueVerify,WriteOptimisticVerify,WriteCommit,RollbackAction,MarkStart,MarkCommit,MvccEntitySerializationStrategy,UniqueValueSerializationStrategy,MvccLogEntrySerializationStrategy,Keyspace,EntityVersionTaskFactory,TaskExecutor,EntityCacheFig,MetricsFactory,RxTaskScheduler)"
"--large-name23--","EntityCollectionManagerImpl(WriteStart,WriteUniqueVerify,WriteOptimisticVerify,WriteCommit,RollbackAction,MarkStart,MarkCommit,MvccEntitySerializationStrategy,UniqueValueSerializationStrategy,MvccLogEntrySerializationStrategy,Keyspace,EntityVersionTaskFactory,TaskExecutor,ApplicationScope,MetricsFactory)"
"--large-name7--","EntityCollectionManagerImpl(UUIDService,WriteStart,WriteStart,WriteUniqueVerify,WriteOptimisticVerify,WriteCommit,RollbackAction,MarkStart,MarkCommit,EntityVersionCleanupFactory,MvccEntitySerializationStrategy,UniqueValueSerializationStrategy,MvccLogEntrySerializationStrategy,TaskExecutor,CollectionScope)"
"--large-name1--","GraphManagerImpl(EdgeMetadataSerialization,EdgeSerialization,NodeSerialization,GraphFig,AsyncProcessor<EdgeEvent<MarkedEdge>>,AsyncProcessor<EdgeEvent<Id>>,AsyncProcessor<EdgeEvent<MarkedEdge>>,OrganizationScope,MergedEdgeReader,ConsistencyFig)"
"--large-name17--","EntityCollectionManagerFactoryImpl(WriteStart,WriteStart,WriteUniqueVerify,WriteOptimisticVerify,WriteCommit,RollbackAction,MarkStart,MarkCommit,MvccEntitySerializationStrategy,UniqueValueSerializationStrategy,MvccLogEntrySerializationStrategy,Keyspace,SerializationFig,EntityVersionCleanupFactory,EntityVersionCreatedFactory,EntityDeletedFactory,TaskExecutor)"
"--large-name11--","EntityCollectionManagerFactoryImpl(WriteStart,WriteStart,WriteUniqueVerify,WriteOptimisticVerify,WriteCommit,RollbackAction,MarkStart,MarkCommit,MvccEntitySerializationStrategy,UniqueValueSerializationStrategy,MvccLogEntrySerializationStrategy,Keyspace,EntityVersionCleanupFactory,EntityVersionCreatedFactory,EntityDeletedFactory,TaskExecutor,EntityCacheFig)"
"--large-name28--","EntityCollectionManagerFactoryImpl(WriteStart,WriteUniqueVerify,WriteOptimisticVerify,WriteCommit,RollbackAction,MarkStart,MarkCommit,UniqueCleanup,VersionCompact,SerializationFig,MvccEntitySerializationStrategy,UniqueValueSerializationStrategy,MvccLogEntrySerializationStrategy,Keyspace,EntityCacheFig,MetricsFactory,RxTaskScheduler,CassandraConfig)"
"--large-name39--","EntityCollectionManagerFactoryImpl(WriteStart,WriteUniqueVerify,WriteOptimisticVerify,WriteCommit,RollbackAction,MarkStart,MarkCommit,UniqueCleanup,VersionCompact,SerializationFig,MvccEntitySerializationStrategy,UniqueValueSerializationStrategy,MvccLogEntrySerializationStrategy,Keyspace,MetricsFactory,RxTaskScheduler,ActorSystemManager,UniqueValuesService,CassandraConfig,Session)"
"--large-name34--","EntityCollectionManagerFactoryImpl(WriteStart,WriteUniqueVerify,WriteOptimisticVerify,WriteCommit,RollbackAction,MarkStart,MarkCommit,UniqueCleanup,VersionCompact,SerializationFig,MvccEntitySerializationStrategy,UniqueValueSerializationStrategy,MvccLogEntrySerializationStrategy,Keyspace,MetricsFactory,RxTaskScheduler,ActorSystemManager,UniqueValuesService,CassandraConfig)"
"--large-name33--","EntityCollectionManagerImpl(WriteStart,WriteUniqueVerify,WriteOptimisticVerify,WriteCommit,RollbackAction,MarkStart,MarkCommit,UniqueCleanup,VersionCompact,MvccEntitySerializationStrategy,UniqueValueSerializationStrategy,MvccLogEntrySerializationStrategy,Keyspace,MetricsFactory,SerializationFig,RxTaskScheduler,ActorSystemManager,UniqueValuesService,ApplicationScope)"